name,trailer
SC-RD3522,SC-MU1002
SC-RD3038,SC-MU1003
SC-RD3520,SC-MU1020
SC-RD3240,SC-MU1024
SC-RD3523,SC-MU1026
SC-RD3516,SC-MU1030
SC-RD3051,SC-MU1032
SC-RD3203,SC-MU1036
SC-RD3057,SC-MU1038
SC-RD3515,SC-MU7000
SC-RD3395,SC-MU8001
SC-RD3205,SC-MU8002
SC-RD3401,SC-MU8003
SC-RD3504,SC-MU8004
SC-RD3303,SC-MU8006
SC-RD3506,SC-MU8008
SC-RD3301,SC-MU8009
SC-RD3505,SC-MU8010
SC-RD3308,SC-MU8011
SC-RD3403,SC-MU8012
SC-RD3336,SC-MU8014
SC-RD3320,SC-MU8015
SC-RD3410,SC-MU8018
SC-RD3529,SC-MU8019
SC-RD3366,SC-MU8020
SC-RD3327,SC-MU8022
SC-RD3406,SC-MU8023
SC-RD3359,SC-MU8025
SC-RD3324,SC-MU8026
SC-RD3393,SC-MU8027
SC-RD3507,SC-MU8028
SC-RD3405,SC-MU8029
SC-RD3530,SC-MU8030
SC-RD3356,SC-MU8031
SC-RD3319,SC-MU8032
SC-RD3409,SC-MU8035
SC-RD3334,SC-MU8036
SC-RD3384,SC-MU8037
SC-RD3333,SC-MU8038
SC-RD3358,SC-MU8041
SC-RD3532,SC-MU8042
SC-RD3342,SC-MU8043
SC-RD3416,SC-MU8044
SC-RD3531,SC-MU8045
SC-RD3425,SC-MU8048
SC-RD3344,SC-MU8049
SC-MU8050-LPR1,SC-MU8050
SC-RD3314,SC-MU8050
SC-MU8051-LPR1,SC-MU8051
SC-RD3349,SC-MU8051
SC-RD3169,SC-MU8052
SC-RD3328,SC-MU8053
SC-RD3172,SC-MU8054
SC-RD3357,SC-MU8055
SC-MU8057-LPR1,SC-MU8057
SC-RD3350,SC-MU8057
SC-RD3312,SC-MU8058
SC-RD3417,SC-MU8059
SC-RD3438,SC-MU8060
SC-RD3015,SC-MU8062
SC-RD3304,SC-MU8063
SC-RD3400,SC-MU8065
SC-MU8066-LPR1,SC-MU8066
SC-RD3351,SC-MU8066
SC-RD3329,SC-MU8069
SC-RD3310,SC-MU8070
SC-RD3368,SC-MU8072
SC-RD3369,SC-MU8073
SC-MU8077-LPR1,SC-MU8077
SC-RD3378,SC-MU8077
SC-RD3388,SC-MU8078
SC-RD3390,SC-MU8079
SC-RD3391,SC-MU8080
SC-RD3434,SC-MU8081
SC-RD3315,SC-MU8083
SC-RD3094,SC-MU8084
SC-RD3398,SC-MU8085
SC-RD3408,SC-MU8088
SC-RD3375,SC-MU8089
SC-RD3074,SC-MU8090
SC-RD3337,SC-MU9008
SC-RD3016,SC-MU8061
SC-RD3404,SC-MU8082
SC-RD3407,SC-MU8086
